name,position,team,opponent,salary,projection,floor,ceiling,value,games_played
Jalen Johnson,PF/SF,ATL,DEN,10700,56.53,34.24,89.97,5.28,16
Tyrese Maxey,PG,PHI,ORL,10500,52.06,29.27,86.24,4.96,11
Jaylen Brown,SF/SG,BOS,TOR,9900,50.69,40.41,66.09,5.12,8
James Harden,PG/SG,LAC,BKN,8800,48.94,23.98,86.36,5.56,14
Karl-Anthony Towns,C/PF,NY,PHO,9200,47.59,34.32,67.48,5.17,9
Jamal Murray,PG/SG,DEN,ATL,10000,44.79,33.17,62.23,4.48,12
Devin Booker,PG/SG,PHO,NY,8700,40.88,31.46,54.99,4.7,14
Derrick White,SG/PG,BOS,TOR,8400,40.5,28.7,54.89,4.82,8
Mikal Bridges,SG/SF,NY,PHO,6700,40.07,33.11,50.5,5.98,9
Michael Porter,PF/SF,BKN,LAC,9300,37.77,15.88,58.74,4.06,9
Ivica Zubac,C,LAC,BKN,6500,36.31,23.55,55.46,5.59,14
Payton Pritchard,PG/SG,BOS,TOR,6900,35.94,27.89,48.01,5.21,8
Onyeka Okongwu,C/PF,ATL,DEN,7400,35.51,16.09,64.65,4.8,16
Nickeil Alexander-Walker,SG/PG,ATL,DEN,7000,35.39,22.01,55.47,5.06,16
Santi Aldama,PF/C,MEM,OKC,6800,34.26,25.83,46.9,5.04,9
Trey Murphy,SF/SG,NO,WAS,7600,33.99,20.85,49.39,4.47,9
Dyson Daniels,SG/PG,ATL,DEN,8100,33.96,18.64,56.95,4.19,16
Immanuel Quickley,PG/SG,TOR,BOS,6500,33.49,27.98,41.76,5.15,12
Dillon Brooks,SF/SG,PHO,NY,5900,32.26,23.34,45.64,5.47,14
Peyton Watson,PF/SF,DEN,ATL,7000,32.1,19.69,50.7,4.59,12
Derik Queen,PF/C,NO,WAS,7000,31.2,16.54,53.21,4.46,16
Collin Gillespie,PG/SG,PHO,NY,6400,30.89,21.04,45.67,4.83,14
Nic Claxton,C,BKN,LAC,6200,30.03,18.48,47.37,4.84,12
Jalen Brunson,PG,NY,PHO,9100,29.87,7.71,50.27,3.28,9
Kyshawn George,SF/SG,WAS,NO,6300,29.67,11.17,54.89,4.71,8
Jeremiah Fears,PG/SG,NO,WAS,5500,28.46,20.03,41.11,5.17,16
RJ Barrett,SG/SF,TOR,BOS,6800,27.96,15.36,41.36,4.11,12
Jaren Jackson,PF/C,MEM,OKC,7500,27.68,9.91,52.8,3.69,7
Zion Williamson,PF,NO,WAS,8500,26.18,5.28,57.53,3.08,16
Ajay Mitchell,PG/SG,OKC,MEM,5500,25.88,15.27,41.8,4.71,13
Noah Clowney,PF,BKN,LAC,5500,25.66,16.26,39.75,4.66,12
Cam Spencer,SG/PG,MEM,OKC,6400,25.16,19.93,32.99,3.93,9
Neemias Queta,C,BOS,TOR,5600,25.07,11.75,41.69,4.48,8
Kawhi Leonard,SF/PF,LAC,BKN,10200,23.98,3.09,55.32,2.35,14
Miles McBride,PG/SG,NY,PHO,4800,23.38,17.41,32.34,4.87,9
Bilal Coulibaly,SF/PF,WAS,NO,5900,23.22,13.35,31.68,3.94,8
Sandro Mamukelashvili,C,TOR,BOS,5300,22.7,15.2,33.94,4.28,12
Royce O'Neale,SF/PF,PHO,NY,5400,22.35,15.12,33.18,4.14,14
Jock Landale,C,MEM,OKC,4800,22.28,13.0,36.2,4.64,9
Mark Williams,C,PHO,NY,5600,21.75,3.95,48.45,3.88,14
Egor Demin,PG/SG,BKN,LAC,5300,21.68,9.67,39.69,4.09,12
John Collins,PF/C,LAC,BKN,5900,21.35,13.93,32.48,3.62,14
Alex Sarr,C/PF,WAS,NO,7800,21.26,1.68,50.63,2.73,7
Day'Ron Sharpe,C,BKN,LAC,5800,20.82,11.85,34.28,3.59,12
Kris Dunn,PG/SG,LAC,BKN,4700,20.65,12.53,32.83,4.39,14
Tim Hardaway,SF/SG,DEN,ATL,4500,20.29,12.82,31.49,4.51,9
Isaiah Joe,SF/SG,OKC,MEM,3900,19.72,11.64,31.83,5.06,13
Aaron Gordon,PF,DEN,ATL,6100,19.21,0.0,50.76,3.15,12
Vit Krejci,SG/SF,ATL,DEN,4400,18.25,7.8,33.92,4.15,16
Bruce Brown,SF/SG,DEN,ATL,4600,18.18,8.71,31.46,3.95,12
Luguentz Dort,SF/SG,OKC,MEM,4100,17.24,7.79,28.33,4.2,13
Bub Carrington,PG,WAS,NO,5500,15.87,9.28,19.69,2.88,8
Ja'Kobe Walter,SG,TOR,BOS,3700,15.29,7.28,27.3,4.13,12
Paolo Banchero,PF/SF,ORL,PHI,9800,14.7,14.7,0.0,1.5,12
Luka Garza,C,BOS,TOR,4500,13.89,6.7,20.9,3.09,8
Jalen Williams,SF/PF,OKC,MEM,7900,13.78,3.85,28.67,1.74,13
Joel Embiid,C,PHI,ORL,9000,13.5,13.5,0.0,1.5,11
Alex Caruso,SF/SG,OKC,MEM,3800,13.08,3.54,24.75,3.44,13
Tre Johnson,SG/PG,WAS,NO,5200,12.77,4.19,23.54,2.46,8
Cam Thomas,SG,BKN,LAC,6300,11.99,0.0,30.82,1.9,12
Collin Murray-Boyles,PF/C,TOR,BOS,5700,11.83,6.0,17.49,2.07,12
OG Anunoby,SF/PF,NY,PHO,6900,11.23,8.73,6.33,1.63,9
Jordan Poole,PG/SG,NO,WAS,6100,11.2,3.01,23.48,1.84,16
Zeke Nnaji,PF/C,DEN,ATL,4600,10.16,3.88,17.38,2.21,12
Aaron Wiggins,SF/PF,OKC,MEM,4600,9.76,0.0,25.07,2.12,13
Jalen Pickett,PG,DEN,ATL,4900,7.87,6.13,5.23,1.61,12
Christian Braun,SG/SF,DEN,ATL,4300,6.45,6.45,0.0,1.5,12
Kenrich Williams,PF,OKC,MEM,3600,6.05,3.79,6.93,1.68,13
