Id,Position,First Name,Nickname,Last Name,FPPG,Played,Salary,Game,Team,Opponent,Injury Indicator,Injury Details,Tier,ff,fg,Roster Position
127865-157833,PF/SF,Jalen,Jalen Johnson,Johnson,49.20793806,63,10900,GS@ATL,ATL,GS,,,,,,SF/PF
127865-145304,C/PF,Onyeka,Onyeka Okongwu,Okongwu,34.7421875,64,7400,GS@ATL,ATL,GS,,,,,,PF/C
127865-171784,SG/PG,Dyson,Dyson Daniels,Daniels,33.59242572,66,7300,GS@ATL,ATL,GS,,,,,,PG/SG
127865-110356,SG/PG,Nickeil,Nickeil Alexander-Walker,Alexander-Walker,33.3343269,67,7100,GS@ATL,ATL,GS,,,,,,PG/SG
127865-19067,SG/PG,CJ,CJ McCollum,McCollum,30.00769231,65,6400,GS@ATL,ATL,GS,,,,,,PG/SG
127865-145485,PG,LaMelo,LaMelo Ball,Ball,37.46999919,60,8600,MEM@CHA,CHA,MEM,,,,,,PG
127865-188419,SF/SG,Brandon,Brandon Miller,Miller,34.36226323,53,7300,MEM@CHA,CHA,MEM,,,,,,SG/SF
127865-228135,SF/SG,Kon,Kon Knueppel,Knueppel,31.66956451,69,6700,MEM@CHA,CHA,MEM,,,,,,SG/SF
127865-84678,PF/SF,Miles,Miles Bridges,Bridges,31.14153771,65,6300,MEM@CHA,CHA,MEM,,,,,,SF/PF
127865-171765,C,Moussa,Moussa Diabate,Diabate,25.41774233,62,5200,MEM@CHA,CHA,MEM,,,,,,C
127865-66113,SG/PG,Donovan,Donovan Mitchell,Mitchell,44.89508357,61,9800,CLE@NO,CLE,NO,,,,,,PG/SG
127865-9644,PG/SG,James,James Harden,Harden,43.12833252,60,9500,CLE@NO,CLE,NO,,,,,,PG/SG
127865-157845,PF/C,Evan,Evan Mobley,Mobley,40.51636186,55,9600,CLE@NO,CLE,NO,,,,,,PF/C
127865-40201,PG/SG,Dennis,Dennis Schroder,Schroder,23.31186482,59,4300,CLE@NO,CLE,NO,,,,,,PG/SG
127865-145317,SF/SG,Sam,Sam Merrill,Merrill,20.47045482,44,4500,CLE@NO,CLE,NO,,,,,,SG/SF
127865-110883,PF/SF,Dean,Dean Wade,Wade,16.35999978,55,3700,CLE@NO,CLE,NO,,,,,,SF/PF
127865-228113,PG/SG/SF,Cooper,Cooper Flagg,Flagg,38.52758789,58,9000,LAC@DAL,DAL,LAC,,,,,,PG/SG/SF
127865-110352,PF/SF,P.J.,P.J. Washington,Washington,30.12353037,51,6300,LAC@DAL,DAL,LAC,,,,,,SF/PF
127865-145819,SF/PF,Naji,Naji Marshall,Marshall,27.4731336,67,6300,LAC@DAL,DAL,LAC,,,,,,SF/PF
127865-171751,SF/SG,Max,Max Christie,Christie,21.0830773,65,4200,LAC@DAL,DAL,LAC,,,,,,SG/SF
127865-16261,SG/SF,Khris,Khris Middleton,Middleton,21.05961492,52,4100,LAC@DAL,DAL,LAC,,,,,,SG/SF
127865-188433,SG/PG,Brandin,Brandin Podziemski,Podziemski,27.23428606,70,6900,GS@ATL,GS,ATL,,,,,,PG/SG
127865-174501,PG,Pat,Pat Spencer,Spencer,15.7518514,54,4700,GS@ATL,GS,ATL,,,,,,PG
127865-228143,SG,Will,Will Richard,Richard,15.22666626,60,4300,GS@ATL,GS,ATL,,,,,,SG
127865-157908,C/PF,Alperen,Alperen Sengun,Sengun,43.61833496,60,9400,MIA@HOU,HOU,MIA,,,,,,PF/C
127865-9646,SF/PF,Kevin,Kevin Durant,Durant,41.07878714,66,8800,MIA@HOU,HOU,MIA,,,,,,SF/PF
127865-188405,SG/PG,Amen,Amen Thompson,Thompson,38.78358209,67,8800,MIA@HOU,HOU,MIA,,,,,,PG/SG
127865-171767,PF/C,Jabari,Jabari Smith,Smith,30.47384691,65,6600,MIA@HOU,HOU,MIA,,,,,,PF/C
127865-203713,PG/SG,Reed,Reed Sheppard,Sheppard,26.28405762,69,6200,MIA@HOU,HOU,MIA,,,,,,PG/SG
127865-171769,SF/PF,Tari,Tari Eason,Eason,24.61063726,47,5600,MIA@HOU,HOU,MIA,,,,,,SF/PF
127865-188449,SF/PF,Jalen,Jalen Slawson,Slawson,26.22000122,5,4700,IND@SA,IND,SA,,,,,,SF/PF
127865-188409,PF/SF,Jarace,Jarace Walker,Walker,22.8289848,69,6600,IND@SA,IND,SA,,,,,,SF/PF
127865-159097,C,Jay,Jay Huff,Huff,22.44571359,70,4700,IND@SA,IND,SA,,,,,,C
127865-14513,SF/PF,Kawhi,Kawhi Leonard,Leonard,46.41852033,54,9900,LAC@DAL,LAC,DAL,,,,,,SF/PF
127865-110342,PG,Darius,Darius Garland,Garland,31.35882209,34,7100,LAC@DAL,LAC,DAL,,,,,,PG
127865-66236,PF/C,John,John Collins,Collins,25.17069008,58,6000,LAC@DAL,LAC,DAL,,,,,,PF/C
127865-66968,SF/PF,Derrick,Derrick Jones,Jones,22.22105327,38,5800,LAC@DAL,LAC,DAL,,,,,,SF/PF
127865-23802,PG/SG,Kris,Kris Dunn,Dunn,20.94285714,70,5700,LAC@DAL,LAC,DAL,,,,,,PG/SG
127865-84669,PG,Luka,Luka Doncic,Doncic,57.92241379,58,12700,LAL@ORL,LAL,ORL,,,,,,PG
127865-9488,PF/SF,LeBron,LeBron James,James,40.81020309,49,8400,LAL@ORL,LAL,ORL,,,,,,SF/PF
127865-158136,SG/SF,Austin,Austin Reaves,Reaves,39.00681929,44,8300,LAL@ORL,LAL,ORL,,,,,,SG/SF
127865-84673,C,Deandre,Deandre Ayton,Ayton,26.91639384,61,5400,LAL@ORL,LAL,ORL,,,,,,C
127865-23670,SG/SF,Marcus,Marcus Smart,Smart,21.08135676,59,4500,LAL@ORL,LAL,ORL,,,,,,SG/SF
127865-188444,PF/SF,GG,GG Jackson,Jackson,21.38913097,46,6100,MEM@CHA,MEM,CHA,,,,,,SF/PF
127865-203776,SG/SF,Jaylen,Jaylen Wells,Wells,21.05373098,67,5000,MEM@CHA,MEM,CHA,,,,,,SG/SF
127865-228168,PG,Javon,Javon Small,Small,20.00882317,34,5600,MEM@CHA,MEM,CHA,,,,,,PG
127865-228120,PG/SG,Walter,Walter Clayton,Clayton,16.48135635,59,5200,MEM@CHA,MEM,CHA,,,,,,PG/SG
127865-188424,PF/C,Olivier-Maxence,Olivier-Maxence Prosper,Prosper,16.17111138,45,5500,MEM@CHA,MEM,CHA,,,,,,PF/C
127865-80817,C/PF,Bam,Bam Adebayo,Adebayo,39.96393523,61,8700,MIA@HOU,MIA,HOU,,,,,,PF/C
127865-110312,SG/PG,Tyler,Tyler Herro,Herro,34.26521633,23,7600,MIA@HOU,MIA,HOU,,,,,,PG/SG
127865-16293,SF/SG,Norman,Norman Powell,Powell,32.82500047,52,7000,MIA@HOU,MIA,HOU,,,,,,SG/SF
127865-203730,C/PF,Kel'el,Kel'el Ware,Ware,28.43846154,65,6500,MIA@HOU,MIA,HOU,,,,,,PF/C
127865-157812,PG,Davion,Davion Mitchell,Mitchell,24.23050806,59,4800,MIA@HOU,MIA,HOU,,,,,,PG
127865-157847,SF/SG,Trey,Trey Murphy,Murphy,38.4129048,62,8100,CLE@NO,NO,CLE,,,,,,SG/SF
127865-67708,PG/SG,Dejounte,Dejounte Murray,Murray,36.67777846,9,8000,CLE@NO,NO,CLE,,,,,,PG/SG
127865-110310,PF,Zion,Zion Williamson,Williamson,35.7481486,54,7700,CLE@NO,NO,CLE,,,,,,PF
127865-145328,SF/PF,Saddiq,Saddiq Bey,Bey,30.32656288,64,6600,CLE@NO,NO,CLE,,,,,,SF/PF
127865-157848,SF/PF,Herbert,Herbert Jones,Jones,22.66458384,48,4900,CLE@NO,NO,CLE,,,,,,SF/PF
127865-171770,PF/SF,Paolo,Paolo Banchero,Banchero,40.93389996,59,9500,LAL@ORL,ORL,LAL,,,,,,SF/PF
127865-145334,SG/SF,Desmond,Desmond Bane,Bane,34.17246235,69,7600,LAL@ORL,ORL,LAL,,,,,,SG/SF
127865-157850,PG/SG,Jalen,Jalen Suggs,Suggs,31.59782609,46,7300,LAL@ORL,ORL,LAL,,,,,,PG/SG
127865-84676,C,Wendell,Wendell Carter,Carter,27.05384615,65,5100,LAL@ORL,ORL,LAL,,,,,,C
127865-203716,SF/PF,Tristan,Tristan da Silva,da Silva,19.25,64,5200,LAL@ORL,ORL,LAL,,,,,,SF/PF
127865-188414,C/PF,Victor,Victor Wembanyama,Wembanyama,51.55636541,55,12100,IND@SA,SA,IND,,,,,,PF/C
127865-80810,PG,De'Aaron,De'Aaron Fox,Fox,35.1295066,61,7500,IND@SA,SA,IND,,,,,,PG
127865-145324,SF/SG,Devin,Devin Vassell,Vassell,25.2285723,56,5300,IND@SA,SA,IND,,,,,,SG/SF
127865-172098,SG/SF,Julian,Julian Champagnie,Champagnie,23.15285645,70,4900,IND@SA,SA,IND,,,,,,SG/SF
127865-228126,SG/PG,Dylan,Dylan Harper,Harper,22.7929816,57,5100,IND@SA,SA,IND,,,,,,PG/SG
