Id,Position,First Name,Nickname,Last Name,FPPG,Played,Salary,Game,Team,Opponent,Injury Indicator,Injury Details,Tier,,,Roster Position
125485-188457,SF/SG,Jordan,Jordan Walsh,Walsh,16.71212121,33,3700,BOS@IND,BOS,IND,,,,,,SG
125485-228111,PF/SF,Danny,Danny Wolf,Wolf,16.94545399,22,4400,BKN@DAL,BKN,DAL,,,,,,PG/SG
125485-188413,SF/SG,Brice,Brice Sensabaugh,Sensabaugh,17.18648715,37,5000,UTA@CLE,UTA,CLE,,,,,,SG/SF
125485-14509,SF/SG,Klay,Klay Thompson,Thompson,17.47777812,36,4000,BKN@DAL,DAL,BKN,,,,,,C
125485-9874,PF,Kevin,Kevin Love,Love,17.722727,22,4300,UTA@CLE,UTA,CLE,,,,,,PG/SG
125485-189467,PG,Craig,Craig Porter,Porter,17.80285645,35,4300,UTA@CLE,CLE,UTA,,,,,,PF
125485-158856,PF/C,Trendon,Trendon Watford,Watford,18.18124962,16,3600,PHI@TOR,PHI,TOR,,,,,,C
125485-228119,SG/SF,Ace,Ace Bailey,Bailey,18.25161251,31,4300,UTA@CLE,UTA,CLE,,,,,,SF/PF
125485-188409,PF/C,Jarace,Jarace Walker,Walker,18.37435835,39,3900,BOS@IND,IND,BOS,,,,,,SG
125485-58312,PG,D'Angelo,D'Angelo Russell,Russell,18.70000047,26,3900,BKN@DAL,DAL,BKN,,,,,,SG
125485-228122,PF/C,Collin,Collin Murray-Boyles,Murray-Boyles,19.18787916,33,5500,PHI@TOR,TOR,PHI,,,,,,PG
125485-203798,PG/SG,Jamal,Jamal Shead,Shead,19.3625,40,4300,PHI@TOR,TOR,PHI,,,,,,SF
125485-80806,PG,Lonzo,Lonzo Ball,Ball,19.77777778,27,3900,UTA@CLE,CLE,UTA,,,,,,SG
125485-110315,SF/SG,Terance,Terance Mann,Mann,20.01250076,32,4200,BKN@DAL,BKN,DAL,,,,,,C
125485-84717,SG/PG,Anfernee,Anfernee Simons,Simons,20.51578883,38,4800,BOS@IND,BOS,IND,,,,,,C
125485-23716,SF,Kyle,Kyle Anderson,Anderson,20.65833282,12,4100,UTA@CLE,UTA,CLE,,,,,,PG
125485-171925,PF/C,Dominick,Dominick Barlow,Barlow,20.88518609,27,4200,PHI@TOR,PHI,TOR,,,,,,PF/C
125485-171751,SF/SG,Max,Max Christie,Christie,21.02432498,37,4900,BKN@DAL,DAL,BKN,,,,,,C
125485-159097,C,Jay,Jay Huff,Huff,21.43589744,39,4700,BOS@IND,IND,BOS,,,,,,SG/SF
125485-203778,PF/C,Kyle,Kyle Filipowski,Filipowski,21.49189222,37,5200,UTA@CLE,UTA,CLE,,,,,,PF
125485-157839,C,Day'Ron,Day'Ron Sharpe,Sharpe,21.50285645,35,5000,BKN@DAL,BKN,DAL,,,,,,SF/PF
125485-157846,C,Sandro,Sandro Mamukelashvili,Mamukelashvili,22.10512758,39,5300,PHI@TOR,TOR,PHI,,,,,,C
125485-203726,PG,Isaiah,Isaiah Collier,Collier,22.20999959,30,5100,UTA@CLE,UTA,CLE,,,,,,PF
125485-15557,C,Andre,Andre Drummond,Drummond,22.3030303,33,4600,PHI@TOR,PHI,TOR,,,,,,SG
125485-145317,SF/SG,Sam,Sam Merrill,Merrill,22.49545427,22,4900,UTA@CLE,CLE,UTA,,,,,,C
125485-18393,PG,T.J.,T.J. McConnell,McConnell,23.44444444,27,5600,BOS@IND,IND,BOS,,,,,,PG
125485-110338,SF/PF,De'Andre,De'Andre Hunter,Hunter,23.66285749,35,4400,UTA@CLE,CLE,UTA,,,,,,SG
125485-188431,PF,Noah,Noah Clowney,Clowney,23.82500034,36,5700,BKN@DAL,BKN,DAL,,,,,,SF
125485-145819,SF/PF,Naji,Naji Marshall,Marshall,24.8230763,39,6000,BKN@DAL,DAL,BKN,,,,,,SG
125485-203728,SF/SG,Jaylon,Jaylon Tyson,Tyson,25.52571498,35,5100,UTA@CLE,CLE,UTA,,,,,,SF
125485-145333,SF/PF,Aaron,Aaron Nesmith,Nesmith,26.64210591,19,6100,BOS@IND,IND,BOS,,,,,,PG
125485-58153,SG/SF,Kelly,Kelly Oubre,Oubre,27.23333333,15,4600,PHI@TOR,PHI,TOR,,,,,,C
125485-157811,C,Neemias,Neemias Queta,Queta,27.26111179,36,5600,BOS@IND,BOS,IND,,,,,,PG
125485-157826,SG/SF,Quentin,Quentin Grimes,Grimes,27.38571429,35,5300,PHI@TOR,PHI,TOR,,,,,,PG
125485-110342,PG,Darius,Darius Garland,Garland,30.50416565,24,6900,UTA@CLE,CLE,UTA,,,,,,SG
125485-80821,C/PF,Jarrett,Jarrett Allen,Allen,30.62142944,28,6600,UTA@CLE,CLE,UTA,,,,,,SG
125485-55057,C,Jusuf,Jusuf Nurkic,Nurkic,31.42257986,31,6600,UTA@CLE,UTA,CLE,,,,,,PG
125485-145335,PG/SG,Payton,Payton Pritchard,Pritchard,31.78157766,38,6700,BOS@IND,BOS,IND,,,,,,PG
125485-145348,PG/SG,Immanuel,Immanuel Quickley,Quickley,32.98461601,39,7100,PHI@TOR,TOR,PHI,,,,,,SG
125485-110354,C,Nic,Nic Claxton,Claxton,33.01176542,34,6300,BKN@DAL,BKN,DAL,,,,,,PF
125485-228133,SF/SG,VJ,VJ Edgecombe,Edgecombe,33.5818167,33,7400,PHI@TOR,PHI,TOR,,,,,,SG
125485-228113,PG/SG/SF,Cooper,Cooper Flagg,Flagg,36.85000128,38,8900,BKN@DAL,DAL,BKN,,,,,,PG
125485-49675,SG/PG,Derrick,Derrick White,White,38.70540475,37,8300,BOS@IND,BOS,IND,,,,,,SF
125485-188412,PG/SG,Keyonte,Keyonte George,George,39.2972973,37,8400,UTA@CLE,UTA,CLE,,,,,,C
125485-157845,PF/C,Evan,Evan Mobley,Mobley,40.19705739,34,8100,UTA@CLE,CLE,UTA,,,,,,PF
125485-60021,PF/C,Pascal,Pascal Siakam,Siakam,40.28421181,38,8700,BOS@IND,IND,BOS,,,,,,SF
125485-84682,PF/SF,Michael,Michael Porter,Porter,41.35172245,29,9200,BKN@DAL,BKN,DAL,,,,,,SF
125485-80812,PF/SF,Lauri,Lauri Markkanen,Markkanen,42.515625,32,8800,UTA@CLE,UTA,CLE,,,,,,PF/C
125485-157822,PF/SF,Scottie,Scottie Barnes,Barnes,43.05384553,39,8600,PHI@TOR,TOR,PHI,,,,,,SF
125485-66113,SG/PG,Donovan,Donovan Mitchell,Mitchell,46.01388889,36,9600,UTA@CLE,CLE,UTA,,,,,,SF/PF
125485-145331,PG,Tyrese,Tyrese Maxey,Maxey,52.33428432,35,10400,PHI@TOR,PHI,TOR,,,,,,PF
125485-233066,SF,Chaney,Chaney Johnson,Johnson,,0,3500,BKN@DAL,BKN,DAL,,,,,,C
125485-228154,PG,Max,Max Shulga,Shulga,,0,3500,BOS@IND,BOS,IND,,,,,,PG
125485-228165,SG,John,John Tonje,Tonje,,0,3500,UTA@CLE,UTA,CLE,,,,,,SG
